Title,Publication Date,Source
I am making a call on Nvidia after watching it get pummeled this week - CNBC,"Thu, 30 Jan 2025 18:09:00 GMT",CNBC
Why Nvidia Stock Is Taking a Hit Today? - Yahoo Finance,"Thu, 30 Jan 2025 15:31:34 GMT",Yahoo Finance
Nvidia GeForce RTX 5080 Vs RTX 4090: And The Winner Is? - Forbes,"Wed, 29 Jan 2025 13:59:53 GMT",Forbes
Nvidia’s latest AI trick made our mediocre webcam mic sound practically professional - The Verge,"Thu, 30 Jan 2025 20:13:05 GMT",The Verge
Nvidia is in danger of losing its monopoly-like margins - The Economist,"Tue, 28 Jan 2025 20:37:29 GMT",The Economist
OpenAI ex–board member Helen Toner says revoking ban on Nvidia AI chip exports would be a ‘huge victory’ for China - Fortune,"Wed, 29 Jan 2025 21:56:10 GMT",Fortune
Nvidia strikes deal with Sobrato to buy big Santa Clara tech campus - The Mercury News,"Thu, 30 Jan 2025 20:26:26 GMT",The Mercury News
Nvidia loses nearly $600 billion in market value after Chinese AI startup bursts onto scene - NBC News,"Mon, 27 Jan 2025 21:18:14 GMT",NBC News
"Cerebras becomes the world’s fastest host for DeepSeek R1, outpacing Nvidia GPUs by 57x - VentureBeat","Thu, 30 Jan 2025 17:00:00 GMT",VentureBeat
"DeepSeek's AI breakthrough bypasses industry-standard CUDA for some functions, uses Nvidia's assembly-like PTX programming instead - Tom's Hardware","Tue, 28 Jan 2025 17:39:35 GMT",Tom's Hardware
"GeForce RTX 5090 & 5080 GeForce Game Ready Driver Also Includes Support For DLSS 4, New NVIDIA App Features, And RTX Game Updates - NVIDIA Daily News Report","Thu, 30 Jan 2025 13:55:40 GMT",NVIDIA Daily News Report
"Where to buy Nvidia RTX 5080: most places are sold out, but there's still hope! - TechRadar","Thu, 30 Jan 2025 19:41:57 GMT",TechRadar
China's DeepSeek may erase America's lead in AI. And wreck your 401(k). | Opinion - USA TODAY,"Thu, 30 Jan 2025 19:43:19 GMT",USA TODAY
Where to buy RTX 5090 and RTX 5080 — launch day live updates - Tom's Guide,"Thu, 30 Jan 2025 13:38:20 GMT",Tom's Guide
Retail investors maintain strong hold on Nvidia shares amidst market shifts - Quartz,"Thu, 30 Jan 2025 15:34:00 GMT",Quartz
Should You Forget Nvidia and Buy This Artificial Intelligence (AI) Stock Instead? - The Motley Fool,"Thu, 30 Jan 2025 11:15:00 GMT",The Motley Fool
Is NVIDIA Corporation (NVDA) the Unstoppable Tech Stock to Buy Right Now? - Yahoo Finance,"Thu, 30 Jan 2025 17:40:54 GMT",Yahoo Finance
Nvidia’s latest GPU driver lets you activate DLSS 4 in games and apps - The Verge,"Thu, 30 Jan 2025 15:20:53 GMT",The Verge
Here's how to buy a NVIDIA RTX 50 series GPU - Engadget,"Thu, 30 Jan 2025 15:10:12 GMT",Engadget
Nvidia’s RTX 50-series lineup is now available at Best Buy and Newegg - Polygon,"Thu, 30 Jan 2025 13:55:00 GMT",Polygon
Nvidia RTX 5090 pre-order time: when to buy it on January 30 - The Shortcut,"Thu, 30 Jan 2025 18:09:10 GMT",The Shortcut
Nvidia Stock Falls. What Microsoft and Meta Earnings Mean for the AI Chip Maker. - Barron's,"Thu, 30 Jan 2025 14:56:00 GMT",Barron's
"NVIDIA App Update Adds DLSS 4 Overrides, New Broadcast Update, Improvements To RTX Video Super Resolution & More - NVIDIA Daily News Report","Thu, 30 Jan 2025 12:08:57 GMT",NVIDIA Daily News Report
"GeForce RTX 5090 & GeForce RTX 5080 Out Now, Featuring Game-Changing AI and Neural Rendering Capabilities, and DLSS 4 With Multi Frame Generation - NVIDIA Daily News Report","Thu, 30 Jan 2025 13:55:40 GMT",NVIDIA Daily News Report
DLSS 4 With Multi Frame Generation & Enhancements For All DLSS Technologies Available Now In Over 75 Games and Apps - NVIDIA Daily News Report,"Thu, 30 Jan 2025 13:55:40 GMT",NVIDIA Daily News Report
"Lights, Camera, Action: New NVIDIA Broadcast AI Features Now Streaming With GeForce RTX 50 Series GPUs - NVIDIA Blog","Thu, 30 Jan 2025 14:04:03 GMT",NVIDIA Blog
GeForce NOW Celebrates Five Years of Cloud Gaming With AAA Blockbusters - NVIDIA Blog,"Thu, 30 Jan 2025 14:04:03 GMT",NVIDIA Blog
Here’s where you can try to buy an Nvidia RTX 5080 or 5090 - The Verge,"Thu, 30 Jan 2025 14:09:44 GMT",The Verge
Nvidia Stock Gets Hit as DeepSeek AI Drama Reportedly Pushing More Export Regulations - The Motley Fool,"Thu, 30 Jan 2025 15:15:44 GMT",The Motley Fool
"Tesla, Microsoft, Meta, UPS, IBM, Nvidia, Comcast, Las Vegas Sands, American, and More Movers - Barron's","Thu, 30 Jan 2025 19:47:00 GMT",Barron's
"NVIDIA RTX 5080 and RTX 5090 GPUs now available alongside new prebuilt machines starting at $2,300 - 9to5Toys","Thu, 30 Jan 2025 14:15:56 GMT",9to5Toys
"S&P 500 flat as declines in Microsoft, Nvidia offset other tech gains - Reuters","Thu, 30 Jan 2025 17:05:47 GMT",Reuters
"Where to buy Nvidia RTX 5080 and 5090 GPUs: Latest stock updates from Newegg, Best Buy, and Amazon - Business Insider","Thu, 30 Jan 2025 15:50:00 GMT",Business Insider
Nvidia faces a reckoning as Chinese upstart raises questions about Wall Street’s darling - The Associated Press,"Wed, 29 Jan 2025 00:00:00 GMT",The Associated Press
"Where to buy the Nvidia RTX 5080: the high-end GPU just launched and stocks are already running low, so here's every RTX 5080 retailer listing I've found so far - PC Gamer","Thu, 30 Jan 2025 15:34:13 GMT",PC Gamer
Nvidia’s GeForce RTX 5090 and 5080 sell out almost instantly - PCWorld,"Thu, 30 Jan 2025 15:02:00 GMT",PCWorld
"DLSS 4's announcement may have convinced me to switch from AMD to Nvidia for the next generation of GPUs, and I doubt I'm the only one - PC Gamer","Thu, 30 Jan 2025 15:21:48 GMT",PC Gamer
"Nvidia's latest 572.16 driver isn't just for the RTX 50-series, as 20, 30 and 40-series cards are also gifted with significant updates - PC Gamer","Thu, 30 Jan 2025 17:31:11 GMT",PC Gamer
Nvidia RTX Blackwell release day live: where to buy the RTX 5090 and RTX 5080 for the picosecond they're in stock - PC Gamer,"Thu, 30 Jan 2025 14:26:50 GMT",PC Gamer
"Demand for Nvidia's RTX 5090 and 5080 cards is so high, there are major delays - Mashable","Thu, 30 Jan 2025 16:50:01 GMT",Mashable
"Nvidia RTX 5090 GPU stock rumored to be ‘basically non-existent’ for launch day, and RTX 5080 doesn’t sound like it’ll be much better - TechRadar","Thu, 30 Jan 2025 11:13:08 GMT",TechRadar
"NVIDIA GeForce Game Ready 572.16 Driver Now Available: Supports RTX 5090 & RTX 5080, DLSS 4 Support In Many Games & More - Wccftech","Thu, 30 Jan 2025 13:00:00 GMT",Wccftech
"Dan Ives Just Called the Nvidia Sell-Off a ""Golden"" Buying Opportunity. Here's Why I Think He's Absolutely Right - The Motley Fool","Thu, 30 Jan 2025 11:55:00 GMT",The Motley Fool
"Trump officials discussing tightening curbs on Nvidia's China sales, sources say - Reuters","Wed, 29 Jan 2025 22:39:29 GMT",Reuters
Where to Preorder the Nvidia GeForce RTX 5090 and RTX 5080 Graphics Cards - IGN,"Thu, 30 Jan 2025 13:00:54 GMT",IGN
How DeepSeek Turned Views On U.S.-China AI Competition Upside Down - Investor's Business Daily,"Thu, 30 Jan 2025 13:00:00 GMT",Investor's Business Daily
"The Nvidia RTX 5080 is listed for $1,349.99 at Best Buy. Here's how to order before stock runs out. - Mashable","Thu, 30 Jan 2025 14:05:24 GMT",Mashable
The Prime GeForce RTX 5080 graphics card brings NVIDIA 50 Series power in a compact profile - ASUS Edge Up,"Thu, 30 Jan 2025 14:00:05 GMT",ASUS Edge Up
Microsoft and Meta AI Splurge Still Not Enough for Nvidia - The Wall Street Journal,"Thu, 30 Jan 2025 02:38:00 GMT",The Wall Street Journal
"NVIDIA Corporation (NVDA) Reports 33% QoQ EPS Growth in Q3 2024, Driven by Exceptional Profitability and AI Innovation - Yahoo Finance","Thu, 30 Jan 2025 02:57:00 GMT",Yahoo Finance
Jim Cramer on NVIDIA Corporation (NVDA): ‘It’s Doing Nothing!’ - Yahoo Finance,"Thu, 30 Jan 2025 13:15:11 GMT",Yahoo Finance
NVIDIA Sets Conference Call for Fourth-Quarter Financial Results - GlobeNewswire,"Wed, 29 Jan 2025 22:02:51 GMT",GlobeNewswire
Veteran fund manager offers blunt take on recent AI project - TheStreet,"Thu, 30 Jan 2025 15:30:02 GMT",TheStreet
"NVIDIA Says It’ll Run Out of RTX 5090 and 5080, Internet Loses Its Shit - VICE","Thu, 30 Jan 2025 00:39:29 GMT",VICE
Nvidia GeForce RTX 5080 review: More like a 4080 Super Super - Ars Technica,"Wed, 29 Jan 2025 16:17:52 GMT",Ars Technica
Nvidia falls 4% after report of potential additional curbs on China sales - Yahoo Finance,"Wed, 29 Jan 2025 21:04:34 GMT",Yahoo Finance
"Live Blog: Will DeepSeek Impacted Stocks like NVIDIA (NVDA), Broadcom (AVGO) & Marvell (MRVL) Rebound Today? - 24/7 Wall St.","Thu, 30 Jan 2025 14:00:54 GMT",24/7 Wall St.
"NVIDIA DLSS4, DLSS4 Overrides and Smooth Motion now available - VideoCardz.com","Thu, 30 Jan 2025 14:53:00 GMT",VideoCardz.com
Where to buy NVIDIA GeForce RTX 5090 and RTX 5080: Launch date stock and release day alerts LIVE - Windows Central,"Thu, 30 Jan 2025 16:37:52 GMT",Windows Central
Nvidia Tumbles Ahead Of Microsoft Spending Outlook; Is Nvidia A Buy Or Sell Now? - Investor's Business Daily,"Wed, 29 Jan 2025 18:43:00 GMT",Investor's Business Daily
DeepSeek Panic Live Updates: Nvidia Stock Drops 4%—As Trump Reportedly Mulls China Chip Sale Restrictions - Forbes,"Wed, 29 Jan 2025 21:18:00 GMT",Forbes
Nvidia GeForce RTX 5080 review: the new 4K graphics card to go for - Rock Paper Shotgun,"Wed, 29 Jan 2025 14:00:07 GMT",Rock Paper Shotgun
NVIDIA GeForce Game Ready 572.16 WHQL Driver Released - DSOGaming,"Thu, 30 Jan 2025 12:47:00 GMT",DSOGaming
"This new Asus Nvidia GeForce RTX 5090 graphics card costs over $3,000 - PCGamesN","Thu, 30 Jan 2025 11:36:37 GMT",PCGamesN
S&P 500: Just Buying Nvidia Isn't Enough Anymore To Score On AI - Investor's Business Daily,"Thu, 30 Jan 2025 13:00:00 GMT",Investor's Business Daily
"What is DeepSeek, and why is it causing Nvidia and other stocks to slump? - CBS News","Tue, 28 Jan 2025 17:29:00 GMT",CBS News
DeepSeek’s Rise Exposes Nvidia’s Weakness - The Wall Street Journal,"Wed, 29 Jan 2025 02:00:00 GMT",The Wall Street Journal
Nvidia says DeepSeek advances prove need for more of its chips - Reuters,"Mon, 27 Jan 2025 23:47:38 GMT",Reuters
Trump Officials Discuss Tighter Curbs on Nvidia China Sales - Bloomberg,"Wed, 29 Jan 2025 18:08:30 GMT",Bloomberg
Why DeepSeek's Progress May Actually Be Good News For AI Chipmakers - Investor's Business Daily,"Wed, 29 Jan 2025 21:45:00 GMT",Investor's Business Daily
"Anthropic CEO Questions Nvidia Stock Drop, Reaffirms Need for Export Controls After DeepSeek Release - Yahoo Finance","Thu, 30 Jan 2025 15:55:52 GMT",Yahoo Finance
Nvidia Stock Drops Wednesday as AI Chipmaker's Roller-Coaster Week Continues - Investopedia,"Wed, 29 Jan 2025 18:50:07 GMT",Investopedia
Retail investors bought record amount of Nvidia stock in DeepSeek rout - Reuters,"Tue, 28 Jan 2025 10:19:07 GMT",Reuters
NVIDIA stock gains after-hours as tech giants continue to pour money into AI - Yahoo Finance,"Wed, 29 Jan 2025 23:01:24 GMT",Yahoo Finance
Biggest Market Loss In History: Nvidia Stock Sheds Nearly $600 Billion As DeepSeek Shakes AI Darling - Forbes,"Mon, 27 Jan 2025 21:12:00 GMT",Forbes
DeepSeek sparks AI stock selloff; Nvidia posts record market-cap loss - Reuters,"Tue, 28 Jan 2025 00:31:00 GMT",Reuters
GeForce RTX 5090 Founder’s Edition Review – Gamer’s Pricey Dream - Wccftech,"Thu, 30 Jan 2025 12:00:00 GMT",Wccftech
Better AI Stock: SoundHound AI vs. Nvidia - The Motley Fool,"Wed, 29 Jan 2025 01:00:00 GMT",The Motley Fool
Nvidia stock begins recovery after DeepSeek AI frenzy prompted near $600 billion loss - Yahoo Finance,"Tue, 28 Jan 2025 21:07:44 GMT",Yahoo Finance
Nvidia Reels After China’s A.I. Breakthrough - The New York Times,"Mon, 27 Jan 2025 20:22:32 GMT",The New York Times
"Nvidia Stock Investors Just Got Bad News From DeepSeek, but Certain Wall Street Analysts See a Silver Lining - The Motley Fool","Wed, 29 Jan 2025 09:26:00 GMT",The Motley Fool
Nvidia GeForce RTX 5090 Founders Edition Review - PCMag,"Wed, 29 Jan 2025 14:03:05 GMT",PCMag
Opinion | I Study Financial Markets. The Nvidia Rout Is Only the Start. - The New York Times,"Tue, 28 Jan 2025 10:03:16 GMT",The New York Times
Chinese algorithm boosts Nvidia GPU performance 800-fold in science computing - South China Morning Post,"Wed, 29 Jan 2025 23:00:07 GMT",South China Morning Post
Guess How Many Investors Are Crazy Enough To Short Nvidia - Investor's Business Daily,"Wed, 29 Jan 2025 13:00:00 GMT",Investor's Business Daily
Trump Officials Discuss Tighter Curbs on Nvidia China Sales - Yahoo Finance,"Wed, 29 Jan 2025 18:08:30 GMT",Yahoo Finance
Does DeepSeek's Massive AI News Make Nvidia a Sell -- or a Buy? - The Motley Fool,"Wed, 29 Jan 2025 08:55:00 GMT",The Motley Fool
Nvidia Has 1 Huge Competitive Advantage That Probably Flies Under the Radar of Many Investors - The Motley Fool,"Wed, 29 Jan 2025 12:57:46 GMT",The Motley Fool
"Chip stocks mixed with DeepSeek shock, earnings in focus - Reuters","Wed, 29 Jan 2025 18:27:55 GMT",Reuters
These pre-built RTX 5090 and RTX 5080 gaming PCs are now your best chance to land the new GPUs - Windows Central,"Thu, 30 Jan 2025 14:54:21 GMT",Windows Central
DeepSeek Panic Live Updates: Nvidia Stock Rebounds 5% From Monday’s Historic Loss - Forbes,"Tue, 28 Jan 2025 17:21:00 GMT",Forbes
Nvidia’s $589 Billion DeepSeek Rout Is Largest in Market History - Yahoo Finance,"Mon, 27 Jan 2025 21:14:07 GMT",Yahoo Finance
Nvidia's CEO lays out his vision of what the next 10 years will look like — and his simple advice to young people - Business Insider,"Wed, 29 Jan 2025 19:14:00 GMT",Business Insider
"Nvidia sheds almost $600 billion in market cap, biggest one-day loss in U.S. history - CNBC","Mon, 27 Jan 2025 21:08:17 GMT",CNBC
Nvidia calls China’s DeepSeek R1 model ‘an excellent AI advancement’ - CNBC,"Mon, 27 Jan 2025 20:28:13 GMT",CNBC
"Fed rate decision, stock market updates: Dow, Nasdaq, S&P 500 slip, Nvidia falls as Fed leaves rates unchanged - Yahoo Finance","Thu, 30 Jan 2025 00:07:00 GMT",Yahoo Finance
"What's Next For Nvidia, AI Chip Stocks After DeepSeek 'Wake-Up Call'? - Investor's Business Daily","Tue, 28 Jan 2025 21:47:00 GMT",Investor's Business Daily
Nvidia RTX 5090s sold out immediately at top retailers - Boing Boing,"Thu, 30 Jan 2025 14:45:12 GMT",Boing Boing
